trial,result,failure_reason,failure_note,elapsed_s,frames,overruns
1,Fail,stage1,grasp,22.127,644,7
2,Fail,stage1,grasp,14.444,418,5
3,Fail,stage1,placement,22.059,643,7
4,Success,,,20.733,602,7
5,Fail,stage1,grasp,25.782,752,8
6,Fail,stage2,placement,24.150,704,8
7,Fail,stage1,grasp,6.830,199,2
8,Fail,stage1,grasp,12.390,360,4
9,Success,,,20.953,609,7
10,Fail,stage2,placement,20.970,610,7
11,Fail,stage1,grasp,14.393,417,5
12,Fail,stage2,placement,20.976,608,7
13,Fail,stage2,placement,19.810,577,7
14,Fail,stage1,placement,10.435,301,4
15,Fail,stage1,grasp,17.491,509,6
16,Fail,stage1,grasp,6.637,193,3
17,Fail,stage2,placement,19.946,581,6
18,Fail,stage2,placement,20.540,599,7
19,Success,,,28.916,841,11
20,Fail,stage1,transport,21.021,611,7
